Last Name;Surname;Username;Group;Department;Company;City
Cray;Seymour;Cray.Seymour1;Glo-Hardware;Hardware;IT-Heroes;Los Angeles
Zuse;Konrad;Zuse.Konrad1;Glo-Hardware;Hardware;IT-Heroes;Los Angeles
Tannenbaum;Stuart Andrew;Tannenbaum.SAndrew1;Glo-OS;OS;IT-Heroes;Los Angeles
Tompson;Ken;Tompson.Ken1;Glo-OS;OS;IT-Heroes;Los Angeles
Ritchie;Denis;Ritchie.Denis1;Glo-Language;Language;IT-Heroes;Los Angeles
Stroustrup;Bjarne;Stroustrup.Bjarne1;Glo-Language;Language;IT-Heroes;Los Angeles
Musk;Elon;Musk.Elon1;Glo-Management;Management;IT-Heroes;Los Angeles
